{"cameraMode":{"drawMode":0,"name":"Shaded","section":"Shading Mode"},"sceneLighting":true,"audioPlay":false,"sceneViewState":{"m_AlwaysRefresh":false,"showFog":true,"showSkybox":true,"showFlares":true,"showImageEffects":true,"showParticleSystems":true,"showVisualEffectGraphs":true,"m_FxEnabled":true},"in2DMode":false,"pivot":{"x":1.4342567920684815,"y":0.19355887174606324,"z":-2.400541067123413},"rotation":{"x":-0.49238544702529909,"y":-0.5076696872711182,"z":0.4951292872428894,"w":-0.5050261616706848},"size":1.8334283828735352,"orthographic":false}